"15","5849 HUDSON ST, Vancouver, British Columbia   V6M2Z2
",,,,"$6,980,000 
","Listing ID: V1124248
","V1124248.html"
"16","2307 W 45TH AV, Vancouver, British Columbia   V6M2J5
",,,,"$4,668,000 
","Listing ID: V1124383
","V1124383.html"
"17","6451 GIBBONS DR, Richmond, British Columbia   V7C2C9
",,,,"$4,168,000 
","Listing ID: V1124747
","V1124747.html"
"18","1957 SW MARINE DR, Vancouver, British Columbia   V6P6B3
",,,,"$7,780,000 
","Listing ID: V1124792
","V1124792.html"
"19","1030 W 33RD AV, Vancouver, British Columbia   V6M1A2
",,,,"$4,688,000 
","Listing ID: V1124814
","V1124814.html"
"20","680 PARKSIDE RD, West Vancouver, British Columbia   V7S1P3
",,,,"$4,288,000 
","Listing ID: V1125023
","V1125023.html"
"21","1322 W KING EDWARD AV, Vancouver, British Columbia   V6H1Z9
",,,,"$4,500,000 
","Listing ID: V1125886
","V1125886.html"
"22","432 BOB-O-LINK RD, Mississauga, Ontario   L5J2P2
",,,,"$5,550,000 
","Listing ID: W2946072
","W2946072.html"
"23","1612 WATERSEDGE RD, Mississauga, Ontario   L5J1A4
",,,,"$5,488,000 
","Listing ID: W3093246
","W3093246.html"
"24","5126 LAKESHORE RD, Burlington, Ontario   L7L1B9
",,,,"$5,800,000 
","Listing ID: W3124013
","W3124013.html"
"25","433 THE KINGSWAY, Toronto, Ontario   M9A3W1
",,,,"$5,800,000 
","Listing ID: W3199234
","W3199234.html"
"26","73 VALECREST DR, Toronto, Ontario   M9A4P5
",,,,"$5,200,000 
","http://www.realtor.ca/propertyDetails.aspx?PropertyId=15712065
","W3209997.html"
"27","137 GANNET Lane , DUNCAN COVE, Nova Scotia   B3B3H4
",,,,"$4,495,000 
","Listing ID: 00390948
","00390948.html"
"28","1191 ROUTE 785, UTOPIA, NEW BRUNSWICK, New Brunswick   E5C2L3
",,,,"$9,650,000 
","Listing ID: 05337591
","05337591.html"
"29","6620 Lakeshore Road , Kelowna, British Columbia   V1W4J5
",,,,"$8,975,000 
","Listing ID: 10085286
","10085286.html"
"30","15686 Whiskey Cove Road , Lake Country, British Columbia   V4V1C4
",,,,"$7,500,000 
","Listing ID: 10086107
","10086107.html"
"31","1475 Pritchard Drive , West Kelowna, British Columbia   V4T1X4
",,,,"$7,995,000 
","Listing ID: 10086622
","10086622.html"
"32","1998 Abbott Street , Kelowna, British Columbia   V1Y1C3
",,,,"$4,495,000 
","Listing ID: 10090774
","10090774.html"
"33","5570 Lakeshore Road , Kelowna, British Columbia   V1W4T4
",,,,"$6,900,000 
","Listing ID: 10090865
","10090865.html"
"34","6387 Dixon Dam Road , Vernon, British Columbia   V1B3J9
",,,,"$7,800,000 
","Listing ID: 10090891
","10090891.html"
"35","2677 Westside Road , West Kelowna, British Columbia   V1Z3T2
",,,,"$4,495,000 
","Listing ID: 10091948
","10091948.html"
"36","2211 Campbell Road , West Kelowna, British Columbia   V1Z1S9
",,,,"$8,900,000 
","Listing ID: 10092912
","10092912.html"
"37","1855 Watson Road , Kelowna, British Columbia   V1V1R3
",,,,"$4,200,000 
","Listing ID: 10093137
","10093137.html"
"38","19 - 180 Sheerwater Court , Kelowna, British Columbia   V1V2Z1
",,,,"$8,800,000 
","Listing ID: 10094151
","10094151.html"
"39","525 Feathertop Way , Big White, British Columbia   V1P1P3
",,,,"$9,200,000 
","Listing ID: 10094899
","10094899.html"
"40","3908 Bluebird Road , Kelowna, British Columbia   V1W1X6
",,,,"$4,295,000 
","Listing ID: 10095140
","10095140.html"
"41","16414 Carrs Landing Road , Lake Country, British Columbia   V4V1A9
",,,,"$7,900,000 
","Listing ID: 10097297
","10097297.html"
"42","3130 Shayler Court , Kelowna, British Columbia   V1V2B7
",,,,"$4,395,000 
","Listing ID: 10099383
","10099383.html"
"43","2830 East Kelowna Road , Kelowna, British Columbia   V1W4H5
",,,,"$4,750,000 
","Listing ID: 10099505
","10099505.html"
"44","3591 Hart Road , Kelowna, British Columbia   V1W4G6
",,,,"$6,745,000 
","Listing ID: 10099650
","10099650.html"
"45","210 - 440 Cascia Drive , Kelowna, British Columbia   V1W4Y4
",,,,"$4,295,000 
","Listing ID: 10099708
","10099708.html"
"46","137 GANNET Lane , DUNCAN COVE, Nova Scotia   B3B3H4
",,,,"$4,495,000 
","Listing ID: 00390948
","00390948.html"
"47","1191 ROUTE 785, UTOPIA, NEW BRUNSWICK, New Brunswick   E5C2L3
",,,,"$9,650,000 
","Listing ID: 05337591
","05337591.html"
"48","6620 Lakeshore Road , Kelowna, British Columbia   V1W4J5
",,,,"$8,975,000 
","Listing ID: 10085286
","10085286.html"
"49","15686 Whiskey Cove Road , Lake Country, British Columbia   V4V1C4
",,,,"$7,500,000 
","Listing ID: 10086107
","10086107.html"
"50","1475 Pritchard Drive , West Kelowna, British Columbia   V4T1X4
",,,,"$7,995,000 
","Listing ID: 10086622
","10086622.html"
"51","1998 Abbott Street , Kelowna, British Columbia   V1Y1C3
",,,,"$4,495,000 
","Listing ID: 10090774
","10090774.html"
"52","5570 Lakeshore Road , Kelowna, British Columbia   V1W4T4
",,,,"$6,900,000 
","Listing ID: 10090865
","10090865.html"
"53","6387 Dixon Dam Road , Vernon, British Columbia   V1B3J9
",,,,"$7,800,000 
","Listing ID: 10090891
","10090891.html"
"54","2677 Westside Road , West Kelowna, British Columbia   V1Z3T2
",,,,"$4,495,000 
","Listing ID: 10091948
","10091948.html"
"55","2211 Campbell Road , West Kelowna, British Columbia   V1Z1S9
",,,,"$8,900,000 
","Listing ID: 10092912
","10092912.html"
"56","1855 Watson Road , Kelowna, British Columbia   V1V1R3
",,,,"$4,200,000 
","Listing ID: 10093137
","10093137.html"
"57","19 - 180 Sheerwater Court , Kelowna, British Columbia   V1V2Z1
",,,,"$8,800,000 
","Listing ID: 10094151
","10094151.html"
"58","525 Feathertop Way , Big White, British Columbia   V1P1P3
",,,,"$9,200,000 
","Listing ID: 10094899
","10094899.html"
"59","3908 Bluebird Road , Kelowna, British Columbia   V1W1X6
",,,,"$4,295,000 
","Listing ID: 10095140
","10095140.html"
"60","16414 Carrs Landing Road , Lake Country, British Columbia   V4V1A9
",,,,"$7,900,000 
","Listing ID: 10097297
","10097297.html"
"61","3130 Shayler Court , Kelowna, British Columbia   V1V2B7
",,,,"$4,395,000 
","Listing ID: 10099383
","10099383.html"
"62","2830 East Kelowna Road , Kelowna, British Columbia   V1W4H5
",,,,"$4,750,000 
","Listing ID: 10099505
","10099505.html"
"63","3591 Hart Road , Kelowna, British Columbia   V1W4G6
",,,,"$6,745,000 
","Listing ID: 10099650
","10099650.html"
"64","210 - 440 Cascia Drive , Kelowna, British Columbia   V1W4Y4
",,,,"$4,295,000 
","Listing ID: 10099708
","10099708.html"
"65","137 GANNET Lane , DUNCAN COVE, Nova Scotia   B3B3H4
",,,,"$4,495,000 
","Listing ID: 00390948
","00390948.html"
"66","1191 ROUTE 785, UTOPIA, NEW BRUNSWICK, New Brunswick   E5C2L3
",,,,"$9,650,000 
","Listing ID: 05337591
","05337591.html"
"67","6620 Lakeshore Road , Kelowna, British Columbia   V1W4J5
",,,,"$8,975,000 
","Listing ID: 10085286
","10085286.html"
"68","15686 Whiskey Cove Road , Lake Country, British Columbia   V4V1C4
",,,,"$7,500,000 
","Listing ID: 10086107
","10086107.html"
"69","1475 Pritchard Drive , West Kelowna, British Columbia   V4T1X4
",,,,"$7,995,000 
","Listing ID: 10086622
","10086622.html"
"70","1998 Abbott Street , Kelowna, British Columbia   V1Y1C3
",,,,"$4,495,000 
","Listing ID: 10090774
","10090774.html"
"71","5570 Lakeshore Road , Kelowna, British Columbia   V1W4T4
",,,,"$6,900,000 
","Listing ID: 10090865
","10090865.html"
"72","6387 Dixon Dam Road , Vernon, British Columbia   V1B3J9
",,,,"$7,800,000 
","Listing ID: 10090891
","10090891.html"
"73","2677 Westside Road , West Kelowna, British Columbia   V1Z3T2
",,,,"$4,495,000 
","Listing ID: 10091948
","10091948.html"
"74","2211 Campbell Road , West Kelowna, British Columbia   V1Z1S9
",,,,"$8,900,000 
","Listing ID: 10092912
","10092912.html"
"75","1855 Watson Road , Kelowna, British Columbia   V1V1R3
",,,,"$4,200,000 
","Listing ID: 10093137
","10093137.html"
"76","19 - 180 Sheerwater Court , Kelowna, British Columbia   V1V2Z1
",,,,"$8,800,000 
","Listing ID: 10094151
","10094151.html"
"77","525 Feathertop Way , Big White, British Columbia   V1P1P3
",,,,"$9,200,000 
","Listing ID: 10094899
","10094899.html"
"78","3908 Bluebird Road , Kelowna, British Columbia   V1W1X6
",,,,"$4,295,000 
","Listing ID: 10095140
","10095140.html"
"79","16414 Carrs Landing Road , Lake Country, British Columbia   V4V1A9
",,,,"$7,900,000 
","Listing ID: 10097297
","10097297.html"
"80","3130 Shayler Court , Kelowna, British Columbia   V1V2B7
",,,,"$4,395,000 
","Listing ID: 10099383
","10099383.html"
"81","2830 East Kelowna Road , Kelowna, British Columbia   V1W4H5
",,,,"$4,750,000 
","Listing ID: 10099505
","10099505.html"
"82","3591 Hart Road , Kelowna, British Columbia   V1W4G6
",,,,"$6,745,000 
","Listing ID: 10099650
","10099650.html"
"83","210 - 440 Cascia Drive , Kelowna, British Columbia   V1W4Y4
",,,,"$4,295,000 
","Listing ID: 10099708
","10099708.html"
"84","137 GANNET Lane , DUNCAN COVE, Nova Scotia   B3B3H4
",,,,"$4,495,000 
","Listing ID: 00390948
","00390948.html"
"85","1191 ROUTE 785, UTOPIA, NEW BRUNSWICK, New Brunswick   E5C2L3
",,,,"$9,650,000 
","Listing ID: 05337591
","05337591.html"
"86","6620 Lakeshore Road , Kelowna, British Columbia   V1W4J5
",,,,"$8,975,000 
","Listing ID: 10085286
","10085286.html"
"87","15686 Whiskey Cove Road , Lake Country, British Columbia   V4V1C4
",,,,"$7,500,000 
","Listing ID: 10086107
","10086107.html"
"88","1475 Pritchard Drive , West Kelowna, British Columbia   V4T1X4
",,,,"$7,995,000 
","Listing ID: 10086622
","10086622.html"
"89","1998 Abbott Street , Kelowna, British Columbia   V1Y1C3
",,,,"$4,495,000 
","Listing ID: 10090774
","10090774.html"
"90","5570 Lakeshore Road , Kelowna, British Columbia   V1W4T4
",,,,"$6,900,000 
","Listing ID: 10090865
","10090865.html"
"91","6387 Dixon Dam Road , Vernon, British Columbia   V1B3J9
",,,,"$7,800,000 
","Listing ID: 10090891
","10090891.html"
"92","2677 Westside Road , West Kelowna, British Columbia   V1Z3T2
",,,,"$4,495,000 
","Listing ID: 10091948
","10091948.html"
"93","2211 Campbell Road , West Kelowna, British Columbia   V1Z1S9
",,,,"$8,900,000 
","Listing ID: 10092912
","10092912.html"
"94","1855 Watson Road , Kelowna, British Columbia   V1V1R3
",,,,"$4,200,000 
","Listing ID: 10093137
","10093137.html"
"95","19 - 180 Sheerwater Court , Kelowna, British Columbia   V1V2Z1
",,,,"$8,800,000 
","Listing ID: 10094151
","10094151.html"
"96","525 Feathertop Way , Big White, British Columbia   V1P1P3
",,,,"$9,200,000 
","Listing ID: 10094899
","10094899.html"
"97","3908 Bluebird Road , Kelowna, British Columbia   V1W1X6
",,,,"$4,295,000 
","Listing ID: 10095140
","10095140.html"
"98","16414 Carrs Landing Road , Lake Country, British Columbia   V4V1A9
",,,,"$7,900,000 
","Listing ID: 10097297
","10097297.html"
"99","3130 Shayler Court , Kelowna, British Columbia   V1V2B7
",,,,"$4,395,000 
","Listing ID: 10099383
","10099383.html"
"100","2830 East Kelowna Road , Kelowna, British Columbia   V1W4H5
",,,,"$4,750,000 
","Listing ID: 10099505
","10099505.html"
"101","3591 Hart Road , Kelowna, British Columbia   V1W4G6
",,,,"$6,745,000 
","Listing ID: 10099650
","10099650.html"
"102","210 - 440 Cascia Drive , Kelowna, British Columbia   V1W4Y4
",,,,"$4,295,000 
","Listing ID: 10099708
","10099708.html"
"103","RTE 336 - 576 CABLE HEAD EAST , CABLE HEAD EAST, Prince Edward Island   C0B1M0
",,,,"$4,750,000 
","Listing ID: 13070000
","13070000.html"
"104","15 GEORGINA DR, ORO-MEDONTE, Ontario   L4M1E9
",,,,"$5,150,000 
","Listing ID: 1409195
","1409195.html"
"105","3150 Rutland Rd, Victoria, British Columbia   V8R4R8
",,,,"$7,500,000 
","Listing ID: 348418
","348418.html"
"106","1069 Beach Dr, Victoria, British Columbia   V8S2N2
",,,,"$8,999,000 
","Listing ID: 348608
","348608.html"
"107","530 Salmon Rd, North Saanich, British Columbia   V8M1S5
",,,,"$4,575,000 
","Listing ID: 348906
","348906.html"
"108","3275 Campion Rd, Central Saanich, British Columbia   V8M1W7
",,,,"$6,800,000 
","Listing ID: 349119
","349119.html"
"109","3051 McAnally Rd, Victoria, British Columbia   V8N1T3
",,,,"$7,250,000 
","Listing ID: 349860
","349860.html"
"110","7756 West Saanich Rd, Central Saanich, British Columbia   V8M1R8
",,,,"$4,488,000 
","Listing ID: 351454
","351454.html"
"111","9260 Ardmore Dr, North Saanich, British Columbia   V8L5G4
",,,,"$4,250,000 
","http://www.realtor.ca/Residential/Single-Family/15740938/9260-Ardmore-Dr-North-Saanic...
","351903.html"
"112","875 BRABANT PLACE, TOFINO, British Columbia   V0R2Z0
",,,,"$7,900,000 
","Listing ID: 353393
","353393.html"
"113","1400 DORCAS POINT ROAD, NANOOSE BAY, British Columbia   V9P9B4
",,,,"$4,500,000 
","Listing ID: 373787
","373787.html"
"114","6540 EAGLES DRIVE, COURTENAY, British Columbia   V9J1V4
",,,,"$4,500,000 
","Listing ID: 385472
","385472.html"
"115","3127 NORTHWOOD ROAD, NANAIMO, British Columbia   V9R7C7
",,,,"$6,899,000 
","Listing ID: 392606
","392606.html"
"116","MARCO ISLAND, Unit 1, MUSKOKA LAKES, Ontario   P0B1E0
",,,,"$5,300,000 
","Listing ID: 481960135
","481960135.html"
"117","150A SHAWANAGA ISLAND, Unit PCL, THE ARCHIPELAGO, Ontario   P0G1K0
",,,,"$5,495,000 
","Listing ID: 520940126
","520940126.html"
"118","B - 78 TOPAJO Road , HUMPHREY, Ontario   P0C1H0
",,,,"$5,759,000 
","Listing ID: 521930797
","521930797.html"
"119","211 WALKER Road , CHESTER, Nova Scotia   B0J1J0
",,,,"$4,273,000 
","Listing ID: 60088317
","60088317.html"
"120","19 GREEN VALLEY RD, Toronto, Ontario   M2P1A4
",,,,"$5,880,000 
","Listing ID: C3104853
","C3104853.html"
"121","117 SCOLLARD ST, Toronto, Ontario   M5R1G4
",,,,"$5,888,000 
","Listing ID: C3120190
","C3120190.html"
"122","11 PURLING PL, Toronto, Ontario   M3B1V4
",,,,"$5,698,000 
","Listing ID: C3140671
","C3140671.html"
"123","#Penths- 155 ST CLAIR AVE W, Toronto, Ontario   M4V1P7
",,,,"$5,500,000 
","http://www.realtor.ca/propertyDetails.aspx?PropertyId=15478242
","C3153538.html"
"124","114 HAZELTON AVE, Toronto, Ontario   M5R2E5
",,,,"$5,200,000 
","http://www.realtor.ca/propertyDetails.aspx?PropertyId=15534203
","C3166960.html"
"125","9 LAUDERDALE DR, Toronto, Ontario   M2L2A8
",,,,"$5,080,000 
","Listing ID: C3174921
","C3174921.html"
"126","1 STRATHEDEN RD, Toronto, Ontario   M4N1E2
",,,,"$5,595,000 
","Listing ID: C3185841
","C3185841.html"
"127","Address not available
",,,,"$5,498,000 
","http://www.realtor.ca/propertyDetails.aspx?PropertyId=15719149
","C3211401.html"
"128","#600 - 436 WELLINGTON ST W, Toronto, Ontario   M5V1E3
",,,,"$5,550,000 
","Listing ID: C3214787
","C3214787.html"
"129","821 Silvertip HT, Silvertip, Canmore, Alberta   T1W3K9
",,,,"$7,950,000 
","Listing ID: C3618078
","C3618078.html"
"130","#2004 108 9 AV SW, Downtown, Calgary, Alberta   T2P3H9
",,,,"$4,250,000 
","Listing ID: C3640664
","C3640664.html"
"131","60037 TWP RD 263A, Rural Rockyview County, Alberta   T4C2E9
",,,,"$7,500,000 
","Listing ID: C3645887
","C3645887.html"
"132","242172 HWY 762, Rural Foothills M.D., Alberta   T0L1W0
",,,,"$8,980,000 
","Listing ID: C3646135
","C3646135.html"
"133","5.9 Ac Pine Creek Rd (N end) & McLeod Trail (2a), Rural Foothills M.D., Alberta   T0T0T0
",,,,"$4,500,000 
","Listing ID: C3647620
","C3647620.html"
"134","256003 COALMINE RD W, Rural Foothills M.D., Alberta   T0L1W0
",,,,"$7,989,000 
","Listing ID: C3652657
","C3652657.html"
"135","611 SIFTON BV SW, Elbow Park_Glencoe, Calgary, Alberta   T2T2K8
",,,,"$6,999,000 
","Listing ID: C3652931
","C3652931.html"
"136","15 PUMP HILL CL SW, Pump Hill, Calgary, Alberta   T2V5E5
",,,,"$8,180,000 
","Listing ID: C3653337
","C3653337.html"
"137","81 ANATAPI LN SW, Springbank Hill, Calgary, Alberta   T3H4G2
",,,,"$6,900,000 
","Listing ID: C4000662
","C4000662.html"
"138","4208 BRITANNIA DR SW, Britannia, Calgary, Alberta   T2S1J3
",,,,"$4,450,000 
","Listing ID: C4000958
","C4000958.html"
"139","4248 BRITANNIA DR SW, Britannia, Calgary, Alberta   T2S1J3
",,,,"$4,995,000 
","Listing ID: C4001601
","C4001601.html"
"140","18 SUMMIT POINTE DR, Heritage Pointe, Alberta   T0L0X0
",,,,"$4,185,000 
","Listing ID: C4006332
","C4006332.html"
"141","507 RIVERDALE AV SW, Elboya, Calgary, Alberta   T2S0X9
",,,,"$4,250,000 
","Listing ID: C4006483
","C4006483.html"
"142","200 5051 HWY 549, Rural Foothills M.D., Alberta   T1S1A4
",,,,"$4,299,000 
","Listing ID: C4006709
","C4006709.html"
"143","7H Ranch Hwy 579, Rural Mountain View County, Alberta   T0M2E0
",,,,"$6,000,000 
","Listing ID: C4006818
","C4006818.html"
"144","#1400 135 26 AV SW, Mission, Calgary, Alberta   T2S0M2
",,,,"$8,389,500 
","Listing ID: C4007280
","C4007280.html"
"145","56 UPLANDS WY, Uplands, Rural Rockyview County, Alberta   T3Z3N5
",,,,"$4,850,000 
","Listing ID: C4008847
","C4008847.html"
"146","850 RIDEAU RD SW, Rideau Park, Calgary, Alberta   T2S0R6
",,,,"$4,775,000 
","Listing ID: C4011862
","C4011862.html"
"147","232152 RGE RD 52, Rural Rockyview County, Alberta   O0O0O0
",,,,"$5,000,000 
","Listing ID: C4012236
","C4012236.html"
"148","243019 MORGANS RD, Morgans Rise, Rural Rockyview County, Alberta   T3Z0A6
",,,,"$4,375,000 
","Listing ID: C4014364
","C4014364.html"
"149","125 Forestry RD, Red Earth Creek, Alberta   T0G1X0
",,,,"$4,000,000 
","Listing ID: E3313697
","E3313697.html"
"150","53 Riverridge RD, Rural Sturgeon County, Alberta   T8T0B9
",,,,"$4,400,000 
","Listing ID: E3366096
","E3366096.html"
"151","50362 Range Rd 244, Rural Leduc County, Alberta   T4X0N9
",,,,"$4,000,000 
","Listing ID: E3391551
","E3391551.html"
"152","484 52304 RR 233 RD, Rural Strathcona County, Alberta   T8B1C9
",,,,"$5,900,000 
","Listing ID: E3402091
","E3402091.html"
"153","18279 24TH AV, Surrey, British Columbia   V3S9V2
",,,,"$4,750,000 
","Listing ID: F1418810
","F1418810.html"
"154","29360 TOWNSHIPLINE RD, Abbotsford, British Columbia   V4X1S1
",,,,"$6,980,000 
","Listing ID: F1422736
","F1422736.html"
"155","30709 NORTH BURGESS AV, Abbotsford, British Columbia   V4X2A6
",,,,"$8,488,000 
","Listing ID: F1426476
","F1426476.html"
"156","1321 131ST ST, Surrey, British Columbia   V4A4A5
",,,,"$4,500,000 
","Listing ID: F1428720
","F1428720.html"
"157","2189 123RD ST, Surrey, British Columbia   V4A3L6
",,,,"$8,558,000 
","Listing ID: F1429622
","F1429622.html"
"158","447 232ND ST, Langley, British Columbia   V2Z2W2
",,,,"$4,499,000 
","Listing ID: F1430137
","F1430137.html"
"159","18638 74TH AV, Surrey, British Columbia   V4N6C2
",,,,"$4,200,000 
","Listing ID: F1430272
","F1430272.html"
"160","2560 132ND ST, Surrey, British Columbia   V4P1X5
",,,,"$6,900,000 
","Listing ID: F1433307
","F1433307.html"
"161","19870 3B AV, Langley, British Columbia   V2Z0A2
",,,,"$6,988,800 
","Listing ID: F1433545
","F1433545.html"
"162","25125 72 AV, Langley, British Columbia   V4W1J1
",,,,"$4,495,000 
","Listing ID: F1433697
","F1433697.html"
"163","2683 CRESCENT DR, Surrey, British Columbia   V4A3J9
",,,,"$6,688,000 
","Listing ID: F1434302
","F1434302.html"
"164","464 200TH ST, Langley, British Columbia   N0N0N0
",,,,"$4,337,000 
","Listing ID: F1436762
","F1436762.html"
"165","12854 - 12858 13TH AV, Surrey, British Columbia   V4A1B4
",,,,"$4,500,000 
","Listing ID: F1437417
","F1437417.html"
"166","13805 27 AV, Surrey, British Columbia   V4P1T2
",,,,"$7,888,000 
","Listing ID: F1439155
","F1439155.html"
"167","9126 - 9130 176TH ST, Surrey, British Columbia   V4N6G1
",,,,"$7,880,000 
","Listing ID: F1439706
","F1439706.html"
"168","13500 WOODCREST DR, Surrey, British Columbia   V4P1W6
",,,,"$6,898,000 
","Listing ID: F1439755
","F1439755.html"
"169","14331 SUNSET DR, White Rock, British Columbia   V4B2V3
",,,,"$4,258,000 
","Listing ID: F1439887
","F1439887.html"
"170","16950 23RD AV, Surrey, British Columbia   V3S9Z2
",,,,"$4,680,000 
","Listing ID: F1439898
","F1439898.html"
"171","3965 156TH ST, Surrey, British Columbia   V3S0G7
",,,,"$6,880,000 
","Listing ID: F1440036
","F1440036.html"
"172","19904 3B AV, Langley, British Columbia   V2Z0A2
",,,,"$4,388,000 
","Listing ID: F1440272
","F1440272.html"
"173","16166 30B AV, Surrey, British Columbia   V3S0Z8
",,,,"$4,580,000 
","Listing ID: F1440892
","F1440892.html"
"174","12645 BECKETT RD, Surrey, British Columbia   V4A2W9
",,,,"$4,388,000 
","Listing ID: F1441174
","F1441174.html"
"175","3258 137A ST, Surrey, British Columbia   V4P2B5
",,,,"$4,090,000 
","Listing ID: F1442790
","F1442790.html"
"176","Address not available
",,,,"$5,600,000 
","Listing ID: H3140708
","H3140708.html"
"177","Address not available
",,,,"$5,499,900 
","Listing ID: N3078731
","N3078731.html"
"178","13835 KENNEDY RD, Whitchurch-Stouffville, Ontario   L4A7X5
",,,,"$5,490,000 
","Listing ID: N3130306
","N3130306.html"
"179","94 WESTWOOD LANE, Richmond Hill, Ontario   L4C6Y2
",,,,"$5,180,000 
","Listing ID: N3139956
","N3139956.html"
"180","8 FAIRFIELD PL, Markham, Ontario   L3T7M7
",,,,"$5,555,000 
","Listing ID: N3162073
","N3162073.html"
"181","19 MARYVALE CRES, Richmond Hill, Ontario   L4C6P6
",,,,"$5,488,000 
","Listing ID: N3171343
","N3171343.html"
"182","50 DENHAM DR, Richmond Hill, Ontario   L4C6J2
",,,,"$5,490,000 
","http://www.realtor.ca/propertyDetails.aspx?PropertyId=15562583
","N3173212.html"
"183","153 MATTUCCI CRT, Vaughan, Ontario   L4L8Z1
",,,,"$5,900,000 
","Listing ID: N3183480
","N3183480.html"
"184","980 SHOREVIEW DR, Innisfil, Ontario   L9S5A7
",,,,"$5,900,000 
","Listing ID: N3202699
","N3202699.html"
"185","532&534 LAKE DR S, Georgina, Ontario   L4P1S2
",,,,"$5,799,000 
","Listing ID: N3203701
","N3203701.html"
"186","8 DENHAM DR, Richmond Hill, Ontario   L4C6J1
",,,,"$5,798,000 
","Listing ID: N3211853
","N3211853.html"
"187","1920 KING-VAUGHAN RD, Vaughan, Ontario   L6A2A7
",,,,"$5,549,000 
","Listing ID: N3214580
","N3214580.html"
"188","1872 OLD HIGHWAY 2, BAY OF QUINTE, Ontario   K8N4Z2
",,,,"$5,000,000 
","Listing ID: QR21406417
","QR21406417.html"
"189","8 ROTHESAY PARK Road , ROTHESAY, New Brunswick   E2E5T6
",,,,"$4,800,000 
","Listing ID: SJ152241
","SJ152241.html"
"190","2257 NORDIC DR, Whistler, British Columbia   V0N1B2
",,,,"$8,990,000 
","Listing ID: V1023291
","V1023291.html"
"191","3116 HILLCREST DR, Whistler, British Columbia   V0N1B3
",,,,"$6,495,000 
","http://www.realtor.ca/propertyDetails.aspx?PropertyId=15633689
","V1041596.html"
"192","8441 GOLDEN BEAR PL, Whistler, British Columbia   V0N1B8
",,,,"$8,500,000 
","Listing ID: V1057605
","V1057605.html"
"193","2050 MARINE DR, Vancouver, British Columbia   V6P6B5
",,,,"$8,500,000 
","Listing ID: V1066359
","V1066359.html"
"194","Floor Space
Floor Space
Floor Space
Floor Space
2675 sqft
",,,,"$4,380,000 
","Listing ID: V1067018
","V1067018.html"
"195","116 CENTENNIAL PW, Tsawwassen, British Columbia   V4L1K3
",,,,"$4,500,000 
","Listing ID: V1069495
","V1069495.html"
"196","3998 W 11TH AV, Vancouver, British Columbia   V6R2L2
",,,,"$4,180,000 
","Listing ID: V1072991
","V1072991.html"
"197","1379 CHARTWELL DR, West Vancouver, British Columbia   V7S2R4
",,,,"$6,880,000 
","Listing ID: V1076667
","V1076667.html"
"198","1218 W 32ND AV, Vancouver, British Columbia   V6H2J2
",,,,"$6,800,000 
","Listing ID: V1078325
","V1078325.html"
"199","# PH2101 1221 BIDWELL ST, Vancouver, British Columbia   V6G0B1
",,,,"$6,950,000 
","Listing ID: V1079038
","V1079038.html"
"200","4254 ROCKRIDGE RD, West Vancouver, British Columbia   V7W1A5
",,,,"$4,380,000 
","http://www.realtor.ca/Residential/Single-Family/14786623/4254-ROCKRIDGE-RD-West-...
","V1080274.html"
"201","3822 SUNRIDGE DR, Whistler, British Columbia   V0N1B3
",,,,"$6,999,000 
","Listing ID: V1080575
","V1080575.html"
"202","1977 W 45TH AV, Vancouver, British Columbia   V6M2H7
",,,,"$4,598,000 
","Listing ID: V1081878
","V1081878.html"
"203","2609 W 49TH AV, Vancouver, British Columbia   V6N3S5
",,,,"$4,100,000 
","Listing ID: V1082668
","V1082668.html"
"204","4253 ROCKBANK PL, West Vancouver, British Columbia   V7W1A8
",,,,"$4,580,000 
","Listing ID: V1084554
","V1084554.html"
"205","58 BONNYMUIR PL, West Vancouver, British Columbia   V7S1K9
",,,,"$4,380,000 
","http://www.realtor.ca/Residential/Single-Family/14912629/58-BONNYMUIR-PL-West-Va...
","V1086138.html"
"206","6476 CHURCHILL ST, Vancouver, British Columbia   V6M3H9
",,,,"$6,980,000 
","Listing ID: V1086595
","V1086595.html"
"207","3785 BAYRIDGE AV, West Vancouver, British Columbia   V7V3J3
",,,,"$4,280,000 
","Listing ID: V1092694
","V1088335.html"
"208","2088 ALLISON RD, Vancouver, British Columbia   V6T1T4
",,,,"$9,800,000 
","Listing ID: V1088985
","V1088985.html"
"209","3785 BAYRIDGE AV, West Vancouver, British Columbia   V7V3J3
",,,,"$4,280,000 
","Listing ID: V1092694
","V1092694.html"
"210","6531 NO 5 RD, Richmond, British Columbia   V6Y2V1
",,,,"$4,390,000 
","Listing ID: V1095804
","V1095804.html"
"211","5606 96TH ST, Ladner, British Columbia   V4K3N3
",,,,"$7,950,000 
","Listing ID: V1095995
","V1095995.html"
"212","2933 KADENWOOD DR, Whistler, British Columbia   V0N1B2
",,,,"$4,386,500 
","Listing ID: V1096160
","V1096160.html"
"213","3015 SOUTHEY POINT RD, Salt Spring Island, British Columbia   V8K1A1
",,,,"$6,800,000 
","Listing ID: V1096647
","V1096647.html"
"214","# 4206 1011 W CORDOVA ST, Vancouver, British Columbia   V6C0B2
",,,,"$4,280,000 
","http://www.realtor.ca/Residential/Single-Family/15165000/-4206-1011-W-CORDOVA-ST-...
","V1097093.html"
"215","5690 CHURCHILL ST, Vancouver, British Columbia   V6M4J3
",,,,"$4,398,000 
","Listing ID: V1097187
","V1097187.html"
"216","2939 HIGH POINT DR, Whistler, British Columbia   V0N1B2
",,,,"$4,495,000 
","Listing ID: V1097237
","V1097237.html"
"217","5050 CAMBIE ST, Vancouver, British Columbia   V5Z2Z5
",,,,"$4,200,000 
","Listing ID: V1097285
","V1097285.html"
"218","2927 ANCIENT CEDARS LN, Whistler, British Columbia   V0N1B2
",,,,"$6,900,000 
","Listing ID: V1097312
","V1097312.html"
"219","6550 EAST BV, Vancouver, British Columbia   V6P5P9
",,,,"$4,380,000 
","Listing ID: V1097513
","V1097513.html"
"220","4379 ERWIN DR, West Vancouver, British Columbia   V7V1H7
",,,,"$8,980,000 
","Listing ID: V1097673
","V1097673.html"
"221","4111 GRANVILLE AV, Richmond, British Columbia   V7C1E1
",,,,"$4,450,000 
","Listing ID: V1097961
","V1097961.html"
"222","3529 MATHERS AV, West Vancouver, British Columbia   V7V2K8
",,,,"$4,598,000 
","Listing ID: V1099142
","V1099142.html"
"223","7011 ADERA ST, Vancouver, British Columbia   V6P5C5
",,,,"$4,588,000 
","Listing ID: V1099185
","V1099185.html"
"224","5768 WALLACE ST, Vancouver, British Columbia   V6N2A4
",,,,"$4,488,000 
","Listing ID: V1099419
","V1099419.html"
"225","2018 SW MARINE DR, Vancouver, British Columbia   V6P6B2
",,,,"$6,999,000 
","Listing ID: V1100978
","V1100978.html"
"226","4112 MARINE DR, West Vancouver, British Columbia   V7V1N6
",,,,"$6,500,000 
","Listing ID: V1101014
","V1101014.html"
"227","1257 CHARTWELL PL, West Vancouver, British Columbia   V7S2S2
",,,,"$4,498,000 
","http://www.realtor.ca/Residential/Single-Family/15247280/1257-CHARTWELL-PL-West-...
","V1101209.html"
"228","1192 W 26TH AV, Vancouver, British Columbia   V6H2A7
",,,,"$6,498,000 
","Listing ID: V1101775
","V1101775.html"
"229","# 1403 277 THURLOW ST, Vancouver, British Columbia   V6C0C1
",,,,"$4,200,000 
","Listing ID: V1102177
","V1102177.html"
"230","2840 - 2842 W 1ST AV, Vancouver, British Columbia   V6K1H4
",,,,"$8,998,000 
","Listing ID: V1102277
","V1102277.html"
"231","5812 EAGLE ISLAND, West Vancouver, British Columbia   V7W1V5
",,,,"$4,358,000 
","Listing ID: V1102318
","V1102318.html"
"232","5612 TRAFALGAR ST, Vancouver, British Columbia   V6N1C3
",,,,"$4,688,000 
","http://www.realtor.ca/Residential/Single-Family/15281317/5612-TRAFALGAR-ST-Vanco...
","V1102480.html"
"233","4147 CYPRESS CR, Vancouver, British Columbia   V6J4L4
",,,,"$4,198,000 
","Listing ID: V1102548
","V1102548.html"
"234","4958 HORSTMAN LN, Whistler, British Columbia   V0N1B4
",,,,"$6,999,000 
","http://www.realtor.ca/propertyDetails.aspx?PropertyId=15291245
","V1103145.html"
"235","2905 W 37TH AV, Vancouver, British Columbia   V6N2T8
",,,,"$4,780,000 
","Listing ID: V1103234
","V1103234.html"
"236","3851 SUNRIDGE CRT CT, Whistler, British Columbia   V0N1B3
",,,,"$4,688,000 
","Listing ID: V1103720
","V1103720.html"
"237","4888 TRAFALGAR ST, Vancouver, British Columbia   V6L2M9
",,,,"$4,380,000 
","Listing ID: V1104242
","V1104242.html"
"238","3268 W 26TH AV, Vancouver, British Columbia   V6L1W1
",,,,"$4,590,000 
","Listing ID: V1104283
","V1104283.html"
"239","6587 GRANVILLE ST, Vancouver, British Columbia   V6P4X1
",,,,"$4,000,000 
","Listing ID: V1104287
","V1104287.html"
"240","6709 GRANVILLE ST, Vancouver, British Columbia   V6P4X1
",,,,"$4,000,000 
","Listing ID: V1104291
","V1104291.html"
"241","920 PYRFORD RD, West Vancouver, British Columbia   V7S2A1
",,,,"$6,680,000 
","Listing ID: V1104865
","V1104865.html"
"242","2842 W 1ST AV, Vancouver, British Columbia   V6K1H4
",,,,"$4,390,000 
","Listing ID: V1104995
","V1104995.html"
"243","2840 W 1ST AV, Vancouver, British Columbia   V6K1H4
",,,,"$4,598,000 
","Listing ID: V1104999
","V1104999.html"
"244","1109 HIGHLAND DR, West Vancouver, British Columbia   V7S2H2
",,,,"$4,220,000 
","http://www.realtor.ca/Residential/Single-Family/15327278/1109-HIGHLAND-DR-West-V...
","V1105177.html"
"245","1928 NELSON AV, West Vancouver, British Columbia   V7V2P4
",,,,"$4,288,000 
","http://www.realtor.ca/Residential/Single-Family/15327113/1928-NELSON-AV-West-Vanc...
","V1105289.html"
"246","4526 CONNAUGHT DR, Vancouver, British Columbia   V6J4E2
",,,,"$6,980,000 
","Listing ID: V1105996
","V1105996.html"
"247","# 1501 8280 LANSDOWNE RD, Richmond, British Columbia   V6X0B2
",,,,"$4,500,000 
","Listing ID: V1106471
","V1106471.html"
"248","6812 ARBUTUS ST, Vancouver, British Columbia   V6P5S7
",,,,"$6,988,000 
","Listing ID: V1106553
","V1106553.html"
"249","4575 GRANVILLE ST, Vancouver, British Columbia   V6H3M1
",,,,"$4,580,000 
","Listing ID: V1106593
","V1106593.html"
"250","6841 CYPRESS ST, Vancouver, British Columbia   V6P5L9
",,,,"$4,290,000 
","Listing ID: V1106596
","V1106596.html"
"251","6250 BLENHEIM ST, Vancouver, British Columbia   V6N1R4
",,,,"$4,338,000 
","Listing ID: V1107111
","V1107111.html"
"252","1523 PARKWAY BV, Coquitlam, British Columbia   V3E2V7
",,,,"$4,288,000 
","Listing ID: V1107713
","V1107713.html"
"253","3506 W 35TH AV, Vancouver, British Columbia   V6N2N5
",,,,"$6,980,000 
","Listing ID: V1108240
","V1108240.html"
"254","126 TALISMAN AV, Vancouver, British Columbia   V5Y2L7
",,,,"$4,080,000 
","Listing ID: V1108381
","V1108381.html"
"255","# 5103 1480 HOWE ST, Vancouver, British Columbia   V6Z1C4
",,,,"$4,388,800 
","Listing ID: V1109058
","V1109058.html"
"256","1336 W KING EDWARD AV, Vancouver, British Columbia   V6H1Z9
",,,,"$4,398,000 
","http://www.realtor.ca/Residential/Single-Family/15400864/1336-W-KING-EDWARD-AV-...
","V1109592.html"
"257","1645 SOUTHLANDS LN, Whistler, British Columbia   V0N1B1
",,,,"$4,695,000 
","Listing ID: V1109972
","V1109972.html"
"258","5863 104TH ST, Ladner, British Columbia   V4K3N3
",,,,"$4,150,000 
","Listing ID: V1111101
","V1111101.html"
"259","2088 W 62ND AV, Vancouver, British Columbia   V6P2G6
",,,,"$4,388,000 
","Listing ID: V1111616
","V1111616.html"
"260","6543 MAPLE ST, Vancouver, British Columbia   V6P5P1
",,,,"$4,080,000 
","Listing ID: V1111985
","V1111985.html"
"261","4510 OSLER ST, Vancouver, British Columbia   V6H2Y1
",,,,"$4,480,000 
","Listing ID: V1112094
","V1112094.html"
"262","5637 CYPRESS ST, Vancouver, British Columbia   V6M3R5
",,,,"$4,350,000 
","Listing ID: V1112391
","V1112391.html"
"263","1010 W 57TH AV, Vancouver, British Columbia   V6P1S5
",,,,"$5,000,000 
","Listing ID: V1113428
","V1113428.html"
"264","3749 W 11TH AV, Vancouver, British Columbia   V6R2K7
",,,,"$4,360,000 
","http://www.realtor.ca/Residential/Single-Family/15476234/3749-W-11TH-AV-Vancouver-...
","V1113467.html"
"265","17371 FEDORUK RD, Richmond, British Columbia   V6V1C6
",,,,"$4,500,000 
","http://www.realtor.ca/Residential/Single-Family/15484156/17371-FEDORUK-RD-Richmo...
","V1113765.html"
"266","# 703 277 THURLOW ST, Vancouver, British Columbia   V6C0C1
",,,,"$4,298,000 
","Listing ID: V1114000
","V1114000.html"
"267","5235 KERSLAND DR, Vancouver, British Columbia   V5Y2M9
",,,,"$4,388,000 
","Listing ID: V1114153
","V1114153.html"
"268","5515 LABURNUM ST, Vancouver, British Columbia   V6M3S7
",,,,"$4,398,000 
","Listing ID: V1114166
","V1114166.html"
"269","2237 SW MARINE DR, Vancouver, British Columbia   V6P6C1
",,,,"$4,000,000 
","Listing ID: V1114525
","V1114525.html"
"270","2627 POINT GREY RD, Vancouver, British Columbia   V6K1A4
",,,,"$8,700,000 
","Listing ID: V1114539
","V1114539.html"
"271","6388 MARGUERITE ST, Vancouver, British Columbia   V6M3L4
",,,,"$4,580,000 
","Listing ID: V1114732
","V1114732.html"
"272","828 W 49TH AV, Vancouver, British Columbia   V5Z2S8
",,,,"$4,090,000 
","Listing ID: V1114898
","V1114898.html"
"273","# 3603 938 NELSON ST, Vancouver, British Columbia   V6Z3A7
",,,,"$4,588,000 
","Listing ID: V1114927
","V1114927.html"
"274","3477 BLENHEIM ST, Vancouver, British Columbia   V6L2X8
",,,,"$4,480,000 
","Listing ID: V1114934
","V1114934.html"
"275","2268 SW MARINE DR, Vancouver, British Columbia   V6P6C2
",,,,"$6,888,000 
","Listing ID: V1115083
","V1115083.html"
"276","7252 ARBUTUS RD, West Vancouver, British Columbia   V7W2L5
",,,,"$7,800,000 
","Listing ID: V1115392
","V1115392.html"
"277","5530 MCMASTER RD, Vancouver, British Columbia   V6T1J8
",,,,"$9,990,000 
","Listing ID: V1115508
","V1115508.html"
"278","2555 W 15TH AV, Vancouver, British Columbia   V6K2Z3
",,,,"$4,688,000 
","Listing ID: V1115519
","V1115519.html"
"279","1107 EYREMOUNT DR, West Vancouver, British Columbia   V7S2B9
",,,,"$4,488,000 
","Listing ID: V1115900
","V1115900.html"
"280","1027 LAURIER AV, Vancouver, British Columbia   V6H1Y2
",,,,"$6,990,000 
","Listing ID: V1115935
","V1115935.html"
"281","1145 GROVELAND CRT CT, West Vancouver, British Columbia   V7S1Z7
",,,,"$4,230,000 
","Listing ID: V1116019
","V1116019.html"
"282","3775 ANGUS DR, Vancouver, British Columbia   V6J4H6
",,,,"$6,850,000 
","Listing ID: V1116023
","V1116023.html"
"283","4670 W 12TH AV, Vancouver, British Columbia   V6R2R6
",,,,"$4,680,000 
","Listing ID: V1116097
","V1116097.html"
"284","1375 W KING EDWARD AV, Vancouver, British Columbia   V6H2A1
",,,,"$6,888,000 
","Listing ID: V1119114
","V1116333.html"
"285","2586 CHIPPENDALE RD, West Vancouver, British Columbia   V7S3E5
",,,,"$6,580,000 
","http://www.realtor.ca/propertyDetails.aspx?PropertyId=15547835
","V1116606.html"
"286","2589 CHAIRLIFT RD, West Vancouver, British Columbia   V7S3E5
",,,,"$4,180,000 
","Listing ID: V1117056
","V1117056.html"
"287","6487 MCCLEERY ST, Vancouver, British Columbia   V6N3S9
",,,,"$6,880,000 
","Listing ID: V1117149
","V1117149.html"
"288","11001 GRANVILLE AV, Richmond, British Columbia   V6Y1R7
",,,,"$6,990,000 
","Listing ID: V1117166
","V1117166.html"
"289","6620 NO 4 RD, Richmond, British Columbia   V6Y2S9
",,,,"$4,000,000 
","Listing ID: V1117454
","V1117454.html"
"290","5062 MARGUERITE ST, Vancouver, British Columbia   V6M3K1
",,,,"$6,590,000 
","Listing ID: V1117508
","V1117508.html"
"291","1328 NANTON AV, Vancouver, British Columbia   V6H2C9
",,,,"$4,388,000 
","Listing ID: V1117553
","V1117553.html"
"292","# 900 3131 DEER RIDGE DR, West Vancouver, British Columbia   V7S4W1
",,,,"$4,480,000 
","Listing ID: V1117596
","V1117596.html"
"293","3299 W 29TH AV, Vancouver, British Columbia   V6L2Z9
",,,,"$6,590,000 
","Listing ID: V1117600
","V1117600.html"
"294","# 3206 1011 W CORDOVA ST, Vancouver, British Columbia   V6C0B2
",,,,"$4,199,000 
","Listing ID: V1122193
","V1117659.html"
"295","1518 W 26TH AV, Vancouver, British Columbia   V6H3L4
",,,,"$4,600,000 
","Listing ID: V1117770
","V1117770.html"
"296","1495 CONNAUGHT DR, Vancouver, British Columbia   V6H2H5
",,,,"$6,800,000 
","Listing ID: V1117956
","V1117956.html"
"297","7088 CYPRESS ST, Vancouver, British Columbia   V6P5M3
",,,,"$6,800,000 
","Listing ID: V1117985
","V1117985.html"
"298","2216 W 21ST AV, Vancouver, British Columbia   V6L1J5
",,,,"$4,290,000 
","Listing ID: V1118040
","V1118040.html"
"299","1255 W 26TH AV, Vancouver, British Columbia   V6H2A8
",,,,"$4,389,000 
","Listing ID: V1118241
","V1118241.html"
"300","523 W 26TH AV, Vancouver, British Columbia   V5Z2E4
",,,,"$4,488,000 
","Listing ID: V1118264
","V1118264.html"
"301","# SEC 22 BREAKWATER IS, Gabriola, British Columbia   V0V0V0
",,,,"$7,950,000 
","Listing ID: V1118376
","V1118376.html"
"302","1278 W 39TH AV, Vancouver, British Columbia   V6M1T1
",,,,"$4,486,000 
","Listing ID: V1118949
","V1118949.html"
"303","860 KING GEORGES WY, West Vancouver, British Columbia   V7S1S5
",,,,"$6,980,000 
","Listing ID: V1119009
","V1119009.html"
"304","1182 EYREMOUNT DR, West Vancouver, British Columbia   V7S2C5
",,,,"$6,580,000 
","Listing ID: V1119028
","V1119028.html"
"305","1375 W KING EDWARD AV, Vancouver, British Columbia   V6H2A1
",,,,"$6,888,000 
","Listing ID: V1119114
","V1119114.html"
"306","153 STEVENS DR, West Vancouver, British Columbia   V7S1C3
",,,,"$4,280,000 
","http://www.realtor.ca/Residential/Single-Family/15601322/153-STEVENS-DR-West-Vanc...
","V1119118.html"
"307","6218 ST. GEORGES CR, West Vancouver, British Columbia   V7W1Z1
",,,,"$4,492,000 
","Listing ID: V1119133
","V1119133.html"
"308","3818 W BROADWAY, Vancouver, British Columbia   V6R2C3
",,,,"$4,688,000 
","http://www.realtor.ca/Residential/Single-Family/15601250/3818-W-BROADWAY-Vancou...
","V1119135.html"
"309","738 W 54TH AV, Vancouver, British Columbia   V6P1M4
",,,,"$4,680,000 
","http://www.realtor.ca/Residential/Single-Family/15606494/738-W-54TH-AV-Vancouver-B...
","V1119430.html"
"310","2280 LYTHE CT, West Vancouver, British Columbia   V7S3H8
",,,,"$6,980,000 
","Listing ID: V1119498
","V1119498.html"
"311","3333 SW MARINE DR, Vancouver, British Columbia   V6N3Y8
",,,,"$7,200,000 
","Listing ID: V1119523
","V1119523.html"
"312","1045 W 54TH AV, Vancouver, British Columbia   V6P1N2
",,,,"$6,680,000 
","Listing ID: V1119997
","V1119997.html"
"313","9331 SIDAWAY RD, Richmond, British Columbia   V6W1C1
",,,,"$9,500,000 
","Listing ID: V1120416
","V1120416.html"
"314","5678 CYPRESS ST, Vancouver, British Columbia   V6M3R6
",,,,"$4,498,000 
","http://www.realtor.ca/Residential/Single-Family/15633752/5678-CYPRESS-ST-Vancouver...
","V1120451.html"
"315","1057 W 43RD AV, Vancouver, British Columbia   V6M2B8
",,,,"$4,180,000 
","http://www.realtor.ca/Residential/Single-Family/15633792/1057-W-43RD-AV-Vancouver-...
","V1120593.html"
"316","3082 SPENCER PL, West Vancouver, British Columbia   V7V3C9
",,,,"$4,688,000 
","Listing ID: V1120680
","V1120680.html"
"317","2090 SW MARINE DR, Vancouver, British Columbia   V6P6B5
",,,,"$5,000,000 
","Listing ID: V1120698
","V1120698.html"
"318","3839 SELKIRK ST, Vancouver, British Columbia   V6H2Z2
",,,,"$7,188,000 
","Listing ID: V1120732
","V1120732.html"
"319","2088 MCNICOLL AV, Vancouver, British Columbia   V6J1A8
",,,,"$4,600,000 
","Listing ID: V1120838
","V1120838.html"
"320","5463 INDIAN RIVER DR, North Vancouver, British Columbia   V7G2T7
",,,,"$4,275,000 
","Listing ID: V1120987
","V1120987.html"
"321","14671 WILLIAMS RD, Richmond, British Columbia   V6W1G9
",,,,"$6,890,000 
","Listing ID: V1121006
","V1121006.html"
"322","5669 ANGUS DR, Vancouver, British Columbia   V6M3N5
",,,,"$7,280,000 
","Listing ID: V1121207
","V1121207.html"
"323","3310 WESTMOUNT RD, West Vancouver, British Columbia   V7V3G6
",,,,"$4,000,000 
","Listing ID: V1121372
","V1121372.html"
"324","2688 W 39TH AV, Vancouver, British Columbia   V6N4H1
",,,,"$4,580,000 
","Listing ID: V1121393
","V1121393.html"
"325","2398 WESTHILL DR, West Vancouver, British Columbia   V7S2Z5
",,,,"$4,780,000 
","Listing ID: V1121465
","V1121465.html"
"326","4678 W 3RD AV, Vancouver, British Columbia   V6R1N4
",,,,"$6,888,000 
","Listing ID: V1121557
","V1121557.html"
"327","3680 SEXSMITH RD, Richmond, British Columbia   V6X2H8
",,,,"$6,500,000 
","Listing ID: V1121558
","V1121558.html"
"328","6704 DUFFERIN AV, West Vancouver, British Columbia   V7W2K2
",,,,"$4,690,000 
","Listing ID: V1121707
","V1121707.html"
"329","4069 W 13TH AV, Vancouver, British Columbia   V6R2T3
",,,,"$4,328,000 
","http://www.realtor.ca/Residential/Single-Family/15657305/4069-W-13TH-AV-Vancouver-...
","V1121800.html"
"330","1529 W 33RD AV, Vancouver, British Columbia   V6M1A8
",,,,"$4,280,000 
","http://www.realtor.ca/Residential/Single-Family/15666856/1529-W-33RD-AV-Vancouver-...
","V1121981.html"
"331","3236 W 1ST AV, Vancouver, British Columbia   V6K1H5
",,,,"$4,388,000 
","Listing ID: V1122020
","V1122020.html"
"332","# 3206 1011 W CORDOVA ST, Vancouver, British Columbia   V6C0B2
",,,,"$4,199,000 
","Listing ID: V1122193
","V1122193.html"
"333","1037 HIGHLAND DR, West Vancouver, British Columbia   V7S2G7
",,,,"$6,880,000 
","Listing ID: V1122200
","V1122200.html"
"334","4239 ROCKRIDGE CR, West Vancouver, British Columbia   V7W1A9
",,,,"$4,390,000 
","Listing ID: V1122293
","V1122293.html"
"335","# SPH301 2968 BIRCH ST, Vancouver, British Columbia   V6H2T7
",,,,"$4,688,000 
","Listing ID: V1122295
","V1122295.html"
"336","4344 ROCKRIDGE RD, West Vancouver, British Columbia   V7W1A7
",,,,"$7,500,000 
","Listing ID: V1122559
","V1122559.html"
"337","2568 W 45TH AV, Vancouver, British Columbia   V6N3L1
",,,,"$4,489,000 
","Listing ID: V1122664
","V1122664.html"
"338","6726 LABURNUM ST, Vancouver, British Columbia   V6P5M7
",,,,"$4,680,000 
","Listing ID: V1122760
","V1122760.html"
"339","8415 WILTSHIRE ST, Vancouver, British Columbia   V6P5H6
",,,,"$7,690,000 
","Listing ID: V1122834
","V1122834.html"
"340","3915 W 35TH AV, Vancouver, British Columbia   V6N2P1
",,,,"$4,558,000 
","Listing ID: V1123093
","V1123093.html"
"341","6729 GRANVILLE ST, Vancouver, British Columbia   V6P4X1
",,,,"$4,050,000 
","Listing ID: V1123105
","V1123105.html"
"342","1312 W 57TH AV, Vancouver, British Columbia   V6P1S8
",,,,"$4,598,000 
","Listing ID: V1123148
","V1123148.html"
"343","2578 SNOWRIDGE CR, Whistler, British Columbia   V0N1B2
",,,,"$4,690,000 
","Listing ID: V1123287
","V1123287.html"
"344","Imperial
",,,,"$4,500,000 
","Listing ID: V1123295
","V1123295.html"
"345","590 CRAIGMOHR DR, West Vancouver, British Columbia   V7S1X2
",,,,"$4,680,000 
","Listing ID: V1123301
","V1123301.html"
"346","2121 ACADIA RD, Vancouver, British Columbia   V6T1R6
",,,,"$9,800,000 
","Listing ID: V1123498
","V1123498.html"
"347","930 LEYLAND ST, West Vancouver, British Columbia   V7T2L4
",,,,"$4,388,000 
","Listing ID: V1123500
","V1123500.html"
"348","2575 MARINE DR, West Vancouver, British Columbia   V7V1L5
",,,,"$4,138,000 
","Listing ID: V1123523
","V1123523.html"
"349","3395 THOMPSON CR, West Vancouver, British Columbia   V7V3E9
",,,,"$4,688,000 
","Listing ID: V1123680
","V1123680.html"
"350","1028 W 58TH AV, Vancouver, British Columbia   V6P1W1
",,,,"$4,688,000 
","Listing ID: V1123741
","V1123741.html"
"351","2348 LAWSON AV, West Vancouver, British Columbia   V7V2E6
",,,,"$4,000,000 
","Listing ID: V1123831
","V1123831.html"
"352","1868 KNOX RD, Vancouver, British Columbia   V6T1S3
",,,,"$6,998,000 
","Listing ID: V1123902
","V1123902.html"
"353","6551 MANG RD, Richmond, British Columbia   V7C2Y1
",,,,"$4,298,800 
","http://www.realtor.ca/Residential/Single-Family/15705939/6551-MANG-RD-Richmond-Br...
","V1124015.html"
"354","2097 26TH ST, West Vancouver, British Columbia   V7V4K5
",,,,"$4,288,000 
","http://www.realtor.ca/Residential/Single-Family/15705936/2097-26TH-ST-West-Vancouve...
","V1124059.html"
"355","5849 HUDSON ST, Vancouver, British Columbia   V6M2Z2
",,,,"$6,980,000 
","Listing ID: V1124248
","V1124248.html"
"356","4103 W 11TH AV, Vancouver, British Columbia   V6R2L5
",,,,"$4,398,000 
","Listing ID: V1124278
","V1124278.html"
"357","2307 W 45TH AV, Vancouver, British Columbia   V6M2J5
",,,,"$4,668,000 
","Listing ID: V1124383
","V1124383.html"
"358","6451 GIBBONS DR, Richmond, British Columbia   V7C2C9
",,,,"$4,168,000 
","Listing ID: V1124747
","V1124747.html"
"359","1957 SW MARINE DR, Vancouver, British Columbia   V6P6B3
",,,,"$7,780,000 
","Listing ID: V1124792
","V1124792.html"
"360","1030 W 33RD AV, Vancouver, British Columbia   V6M1A2
",,,,"$4,688,000 
","Listing ID: V1124814
","V1124814.html"
"361","680 PARKSIDE RD, West Vancouver, British Columbia   V7S1P3
",,,,"$4,288,000 
","Listing ID: V1125023
","V1125023.html"
"362","4888 NORTHWOOD PL, West Vancouver, British Columbia   V7S3C4
",,,,"$4,288,000 
","Listing ID: V1125072
","V1125072.html"
"363","938 W 32ND AV, Vancouver, British Columbia   V5Z2K2
",,,,"$4,200,000 
","Listing ID: V1125447
","V1125447.html"
"364","2906 PARK LN, West Vancouver, British Columbia   V7V1E9
",,,,"$4,698,000 
","Listing ID: V1125602
","V1125602.html"
"365","2727 WILLOUGHBY RD, West Vancouver, British Columbia   V7S3K3
",,,,"$6,900,000 
","Listing ID: V1125746
","V1125746.html"
"366","4632 W 11TH AV, Vancouver, British Columbia   V6R2M7
",,,,"$4,480,000 
","Listing ID: V1125756
","V1125756.html"
"367","# 1803 560 CARDERO ST, Vancouver, British Columbia   V6G2W6
",,,,"$4,180,000 
","Listing ID: V1125794
","V1125794.html"
"368","5290 GULF PL, West Vancouver, British Columbia   V7W2V9
",,,,"$4,280,000 
","Listing ID: V1125832
","V1125832.html"
"369","1322 W KING EDWARD AV, Vancouver, British Columbia   V6H1Z9
",,,,"$4,500,000 
","Listing ID: V1125886
","V1125886.html"
"370","2951 HIGH POINT DR, Whistler, British Columbia   V0N1B2
",,,,"$7,795,000 
","Listing ID: V906290
","V906290.html"
"371","5845 - 5851 SUNSHINE COAST HY, Sechelt, British Columbia   V0N3A0
",,,,"$4,100,000 
","Listing ID: V981606
","V981606.html"
"372","432 BOB-O-LINK RD, Mississauga, Ontario   L5J2P2
",,,,"$5,550,000 
","Listing ID: W2946072
","W2946072.html"
"373","1612 WATERSEDGE RD, Mississauga, Ontario   L5J1A4
",,,,"$5,488,000 
","Listing ID: W3093246
","W3093246.html"
"374","5126 LAKESHORE RD, Burlington, Ontario   L7L1B9
",,,,"$5,800,000 
","Listing ID: W3124013
","W3124013.html"
"375","433 THE KINGSWAY, Toronto, Ontario   M9A3W1
",,,,"$5,800,000 
","Listing ID: W3199234
","W3199234.html"
"376","73 VALECREST DR, Toronto, Ontario   M9A4P5
",,,,"$5,200,000 
","http://www.realtor.ca/propertyDetails.aspx?PropertyId=15712065
","W3209997.html"
